Parameter,Value,Run,Type
mu,0.0,0,Estimation
h_mu,5.955988079162732e-05,0,Estimation
nu,0.01108964752269984,0,Estimation
h_nu,-0.0007985603850301483,0,Estimation
b0,0.09999965213004691,0,Estimation
d0,0.06098999777898225,0,Estimation
d_d0,0.08134687025892855,0,Estimation
b1,0.0422667145334658,0,Estimation
d1,0.04181571847445029,0,Estimation
mu,0.0004,-1,True
h_mu,4e-05,-1,True
nu,0.004,-1,True
h_nu,-4e-05,-1,True
b0,0.04,-1,True
d0,0.0,-1,True
d_d0,0.08,-1,True
b1,0.001,-1,True
d1,0.0,-1,True
