Parameter,Value,Run,Type
mu,0.0,0,Estimation
h_mu,4.5662524376382076e-05,0,Estimation
nu,0.005952532166982071,0,Estimation
h_nu,-0.03801729191547265,0,Estimation
b0,0.07127605320172468,0,Estimation
d0,0.03126750474116386,0,Estimation
d_d0,0.08031020055026207,0,Estimation
b1,0.09221289553526367,0,Estimation
d1,0.09278304232331928,0,Estimation
mu,0.0004,-1,True
h_mu,4e-05,-1,True
nu,0.004,-1,True
h_nu,-4e-05,-1,True
b0,0.04,-1,True
d0,0.0,-1,True
d_d0,0.08,-1,True
b1,0.001,-1,True
d1,0.0,-1,True
