Parameter,Value,Run,Type
mu,0.0,0,Estimation
h_mu,0.00011184812358341893,0,Estimation
nu,0.0014977325952785225,0,Estimation
h_nu,-0.09195027740331707,0,Estimation
b0,0.04161120328790278,0,Estimation
d0,0.0,0,Estimation
d_d0,0.08156842774452376,0,Estimation
b1,0.04946630796356401,0,Estimation
d1,0.05114340658999982,0,Estimation
mu,0.0004,-1,True
h_mu,4e-05,-1,True
nu,0.004,-1,True
h_nu,-4e-05,-1,True
b0,0.04,-1,True
d0,0.0,-1,True
d_d0,0.08,-1,True
b1,0.001,-1,True
d1,0.0,-1,True
