Parameter,Value,Run,Type
mu,0.09593488869506142,0,Estimation
h_mu,0.08719464740321796,0,Estimation
nu,0.01605817218181835,0,Estimation
h_nu,-0.1,0,Estimation
b0,0.1,0,Estimation
d0,0.0014978914876368277,0,Estimation
d_d0,0.07631344587377996,0,Estimation
b1,0.002739072656997854,0,Estimation
d1,0.012659676081100068,0,Estimation
mu,0.0004,-1,True
h_mu,4e-05,-1,True
nu,0.004,-1,True
h_nu,-4e-05,-1,True
b0,0.04,-1,True
d0,0.0,-1,True
d_d0,0.08,-1,True
b1,0.001,-1,True
d1,0.0,-1,True
